{
  "origin" : {
    "x" : -74.9500015803745754,
    "y" : 5.3500002080743965,
    "spatialReference" : {
      "wkid" : 4326,
      "latestWkid" : 4326
    }
  },
  "extent" : {
    "xmin" : -74.9500015803745754,
    "ymin" : 4.1499997919256035,
    "xmax" : -73.4500010601885833,
    "ymax" : 5.3500002080743965,
    "spatialReference" : {
      "wkid" : 4326,
      "latestWkid" : 4326
    }
  },
  "geodataXform" : {
    "spatialReference" : {
      "wkid" : 4326,
      "latestWkid" : 4326
    },
    "type" : "IdentityXform"
  },
  "LODInfos" : {
    "resolutions" : [
      0.10000003467906608
    ],
    "levels" : [
      0
    ],
    "scales" : [
      42026338.920470119
    ],
    "dpi" : 96,
    "type" : "RasterLODInfos"
  },
  "blockWidth" : 256,
  "blockHeight" : 256,
  "bandCount" : 1,
  "pixelType" : 9,
  "pixelSizeX" : 0.10000003467906614,
  "pixelSizeY" : 0.10000003467906608,
  "format" : "Cache/LERC2D",
  "compressionType" : "LERC",
  "firstPyramidLevel" : 1,
  "maximumPyramidLevel" : 0,
  "packetSize" : 16,
  "compressionQuality" : 0,
  "pyramidResamplingType" : 0,
  "LERCError" : 0,
  "properties" : {
    "KIND" : "IMAGE",
    "BAND_COUNT" : "1",
    "HAS_TABLE" : "0",
    "HAS_XFORM" : "0",
    "BandProperties" : [
      {
        "NoData" : "-3.402823e+38",
        "BandName" : "Band_1",
        "type" : "PropertySet"
      }
    ],
    "DataType" : "Scientific",
    "type" : "PropertySet"
  },
  "mdInfo" : {
    "variables" : [
      {
        "name" : "tp",
        "unit" : "m",
        "statistics" : [
          {
            "min" : 0.012101537548005581,
            "max" : 0.59706860780715942,
            "mean" : 0.091388414436587698,
            "standardDeviation" : 0.079003097134222475,
            "sum" : 1217.2936802953482,
            "median" : 0.062569284786050228,
            "mode" : 0.055687319253589593,
            "skipX" : 1,
            "skipY" : 1,
            "count" : 13320
          }
        ],
        "histograms" : [
          {
            "size" : 256,
            "min" : 0.012101537548005581,
            "max" : 0.59706860780715942,
            "counts" : [
              137,
              117,
              137,
              231,
              247,
              242,
              296,
              322,
              316,
              355,
              349,
              345,
              370,
              339,
              321,
              294,
              391,
              262,
              342,
              569,
              251,
              259,
              243,
              237,
              245,
              226,
              230,
              209,
              296,
              192,
              181,
              179,
              171,
              169,
              186,
              166,
              161,
              133,
              218,
              149,
              165,
              118,
              142,
              120,
              109,
              101,
              118,
              112,
              86,
              102,
              83,
              77,
              68,
              61,
              70,
              51,
              45,
              94,
              41,
              41,
              41,
              39,
              28,
              27,
              26,
              21,
              18,
              20,
              24,
              19,
              24,
              17,
              11,
              20,
              10,
              18,
              24,
              18,
              8,
              19,
              13,
              10,
              11,
              8,
              9,
              9,
              9,
              13,
              16,
              15,
              12,
              10,
              13,
              9,
              10,
              20,
              9,
              11,
              9,
              9,
              8,
              11,
              14,
              16,
              10,
              15,
              8,
              5,
              6,
              7,
              19,
              10,
              12,
              8,
              9,
              19,
              12,
              9,
              10,
              11,
              13,
              7,
              8,
              7,
              8,
              8,
              7,
              5,
              7,
              6,
              7,
              10,
              8,
              6,
              9,
              10,
              7,
              8,
              5,
              9,
              10,
              6,
              13,
              8,
              2,
              7,
              5,
              7,
              5,
              7,
              9,
              8,
              3,
              16,
              5,
              8,
              5,
              10,
              7,
              4,
              9,
              5,
              7,
              7,
              6,
              2,
              10,
              6,
              5,
              7,
              3,
              3,
              7,
              5,
              8,
              3,
              8,
              4,
              4,
              8,
              5,
              5,
              2,
              7,
              5,
              1,
              5,
              2,
              5,
              4,
              3,
              8,
              4,
              5,
              3,
              1,
              2,
              2,
              3,
              2,
              1,
              4,
              2,
              5,
              5,
              1,
              0,
              4,
              3,
              2,
              1,
              5,
              1,
              0,
              0,
              2,
              4,
              2,
              3,
              2,
              1,
              0,
              1,
              1,
              0,
              1,
              0,
              2,
              0,
              0,
              1,
              2,
              1,
              3,
              1,
              0,
              0,
              0,
              1,
              0,
              0,
              1,
              2,
              0,
              0,
              0,
              0,
              0,
              0,
              0,
              0,
              0,
              0,
              0,
              0,
              1
            ]
          }
        ],
        "attributes" : {
          "long_name" : "Total precipitation",
          "scale_factor" : 1.4666379715631897e-06,
          "add_offset" : 0.048060529799611923,
          "_FillValue" : -32767
        },
        "dimensions" : [
          {
            "name" : "StdTime",
            "field" : "StdTime",
            "unit" : "ISO8601",
            "interval" : 349.5000005,
            "hasRegularIntervals" : false,
            "intervalUnit" : "Days",
            "extent" : [
              -631152000000,
              1701388800000
            ],
            "hasRanges" : true,