{
  "origin" : {
    "x" : -74.9500015803745754,
    "y" : 5.3500002080743965,
    "spatialReference" : {
      "wkid" : 4326,
      "latestWkid" : 4326
    }
  },
  "extent" : {
    "xmin" : -74.9500015803745754,
    "ymin" : 4.1499997919256035,
    "xmax" : -73.4500010601885833,
    "ymax" : 5.3500002080743965,
    "spatialReference" : {
      "wkid" : 4326,
      "latestWkid" : 4326
    }
  },
  "geodataXform" : {
    "spatialReference" : {
      "wkid" : 4326,
      "latestWkid" : 4326
    },
    "type" : "IdentityXform"
  },
  "LODInfos" : {
    "resolutions" : [
      0.10000003467906608
    ],
    "levels" : [
      0
    ],
    "scales" : [
      42026338.920470119
    ],
    "dpi" : 96,
    "type" : "RasterLODInfos"
  },
  "blockWidth" : 256,
  "blockHeight" : 256,
  "bandCount" : 1,
  "pixelType" : 9,
  "pixelSizeX" : 0.10000003467906614,
  "pixelSizeY" : 0.10000003467906608,
  "format" : "Cache/LERC2D",
  "compressionType" : "LERC",
  "firstPyramidLevel" : 1,
  "maximumPyramidLevel" : 0,
  "packetSize" : 16,
  "compressionQuality" : 0,
  "pyramidResamplingType" : 0,
  "LERCError" : 0,
  "properties" : {
    "KIND" : "IMAGE",
    "BAND_COUNT" : "1",
    "HAS_TABLE" : "0",
    "HAS_XFORM" : "0",
    "BandProperties" : [
      {
        "NoData" : "-3.402823e+38",
        "BandName" : "Band_1",
        "type" : "PropertySet"
      }
    ],
    "DataType" : "Scientific",
    "type" : "PropertySet"
  },
  "mdInfo" : {
    "variables" : [
      {
        "name" : "tp",
        "unit" : "m",
        "statistics" : [
          {
            "min" : 0.023945868015289307,
            "max" : 0.44842097163200378,
            "mean" : 0.091388414096501211,
            "standardDeviation" : 0.076786261034282127,
            "sum" : 16.449914537370219,
            "median" : 0.068890290751176725,
            "skipX" : 1,
            "skipY" : 1,
            "count" : 180
          }
        ],
        "histograms" : [
          {
            "size" : 256,
            "min" : 0.023945868015289307,
            "max" : 0.44842097163200378,
            "counts" : [
              2,
              0,
              2,
              7,
              2,
              4,
              4,
              3,
              6,
              5,
              1,
              3,
              3,
              5,
              7,
              5,
              2,
              7,
              1,
              4,
              2,
              2,
              5,
              3,
              0,
              1,
              2,
              6,
              1,
              0,
              7,
              3,
              2,
              1,
              5,
              1,
              1,
              2,
              2,
              1,
              0,
              2,
              2,
              2,
              1,
              1,
              2,
              5,
              1,
              0,
              4,
              0,
              1,
              1,
              1,
              1,
              1,
              1,
              2,
              0,
              3,
              1,
              1,
              1,
              0,
              0,
              1,
              0,
              1,
              0,
              2,
              0,
              2,
              0,
              0,
              0,
              2,
              0,
              2,
              0,
              0,
              0,
              0,
              0,
              0,
              0,
              0,
              0,
              0,
              0,
              0,
              0,
              0,
              0,
              1,
              0,
              0,
              0,
              0,
              0,
              0,
              0,
              0,
              0,
              1,
              0,
              1,
              0,
              0,
              0,
              0,
              0,
              0,
              0,
              0,
              0,
              0,
              0,
              0,
              0,
              1,
              0,
              0,
              0,
              0,
              1,
              0,
              0,
              0,
              0,
              0,
              0,
              0,
              1,
              0,
              0,
              0,
              0,
              0,
              0,
              0,
              0,
              1,
              0,
              0,
              0,
              0,
              0,
              0,
              0,
              0,
              0,
              0,
              0,
              0,
              0,
              0,
              1,
              0,
              0,
              1,
              0,
              0,
              0,
              1,
              0,
              0,
              0,
              0,
              0,
              0,
              0,
              0,
              0,
              0,
              0,
              0,
              0,
              0,
              0,
              0,
              0,
              0,
              0,
              0,
              0,
              0,
              1,
              0,
              0,
              0,
              0,
              0,
              0,
              0,
              0,
              0,
              0,
              0,
              0,
              0,
              0,
              0,
              0,
              0,
              0,
              0,
              0,
              0,
              0,
              0,
              0,
              0,
              0,
              1,
              0,
              0,
              0,
              1,
              0,
              0,
              1,
              0,
              0,
              0,
              0,
              0,
              0,
              0,
              0,
              0,
              0,
              0,
              0,
              0,
              0,
              0,
              0,
              0,
              0,
              0,
              0,
              1,
              0,
              0,
              0,
              0,
              0,
              0,
              0,
              0,
              0,
              0,
              0,
              0,
              1
            ]
          }
        ],
        "attributes" : {
          "long_name" : "Total precipitation",
          "scale_factor" : 1.4666379715631897e-06,
          "add_offset" : 0.048060529799611923,
          "_FillValue" : -32767
        },
        "dimensions" : [
          {
            "name" : "StdTime",
            "field" : "StdTime",
            "unit" : "ISO8601",
            "extent" : [
              -631152000000,
              1701388800000
            ],
            "hasRanges" : true,
            "values" : [
              [
                -631152000000,
                1701388800000
              ]
            ]
          }
        ]
      }
    ],
    "layout" : 1,
    "type" : "MultidimensionalInfo"
  },
  "type" : "RasterInfo"
}